{
    "REAL": {
        "brush.jpg": {
            "PEAK": 440269,
            "ENTROPY": 6.323062896728516,
            "P/E": 69.62896146305799,
            "P*E": 2783848.578479767
        },
        "IMG_20260325_055405.jpg": {
            "PEAK": 399336,
            "ENTROPY": 7.21753454208374,
            "P/E": 55.328511922606125,
            "P*E": 2882221.3738975525
        },
        "pen.jpg": {
            "PEAK": 357871,
            "ENTROPY": 6.226658821105957,
            "P/E": 57.47390932474904,
            "P*E": 2228340.61896801
        },
        "real_10008.jpg": {
            "PEAK": 383482,
            "ENTROPY": 7.2859392166137695,
            "P/E": 52.6330870397493,
            "P*E": 2794026.5426654816
        },
        "real_10013.jpg": {
            "PEAK": 280593,
            "ENTROPY": 7.506349563598633,
            "P/E": 37.38070327100593,
            "P*E": 2106229.143098831
        }
    },
    "FAKE": {
        "brush.png": {
            "PEAK": 315542,
            "ENTROPY": 6.28732967376709,
            "P/E": 50.18688597897676,
            "P*E": 1983916.579919815
        },
        "fake_10004.jpg": {
            "PEAK": 213744,
            "ENTROPY": 7.503918647766113,
            "P/E": 28.48427932171303,
            "P*E": 1603917.5874481201
        },
        "fake_10014.jpg": {
            "PEAK": 196350,
            "ENTROPY": 7.056558609008789,
            "P/E": 27.825138605108272,
            "P*E": 1385555.2828788757
        },
        "Gemini_Generated_Image_z6q34vz6q34vz6q3.png": {
            "PEAK": 331419,
            "ENTROPY": 7.210959434509277,
            "P/E": 45.96039442211237,
            "P*E": 2389848.96482563
        },
        "pen.png": {
            "PEAK": 333734,
            "ENTROPY": 6.200332164764404,
            "P/E": 53.82509390620361,
            "P*E": 2069261.6546754837
        }
    }
}